{
    "created": "",
    "updated": "",
    "rvn": 1,
    "wipeNumber": 1,
    "accountId": "",
    "profileId": "creative",
    "version": "fix_empty_users_again_july_2019",
    "items": {},
    "stats": {
      "attributes": {
        "last_used_battlelab_file": "",
        "max_island_plots": 1000,
        "publish_allowed": true,
        "support_code": "true",
        "last_used_plot": "",
        "permissions": [],
        "creator_name": "HugoFastt",
        "publish_banned": false,
        "inventory_limit_bonus": 1
      }
    }
  }